[
  {
    "id": 1,
    "priority": 1,
    "action": {
      "type": "modifyHeaders",
      "responseHeaders": [
        {
          "header": "X-Frame-Options",
          "operation": "remove"
        },
        {
          "header": "Content-Security-Policy",
          "operation": "remove"
        },
        {
          "header": "X-Content-Security-Policy",
          "operation": "remove"
        }
      ]
    },
    "condition": {
      "urlFilter": "*",
      "resourceTypes": ["sub_frame", "main_frame"]
    }
  }
]